insert into usr values(1, true, '123', 'system');

insert into ingredient values (1, 'Самый популярный крепкий алкоголь производят методом многократной перегонки зернового спирта, прошедшего разные степени очистки угольными и другими фильтрами и смешанного с чистой водой.', 'initial_data/absolut_vodka.jpg', 'STRONG_ALCOHOL', 'Водка', 1);
insert into ingredient values (2, 'Карибский крепкий алкоголь получают методом вертикальной перегонки спирта, полученного путем брожения патоки или сока из сахарного тростника. Перед купажированием выдерживают не менее 12 месяцев в обожженных дубовых бочках из-под бурбона и фильтруют, чтобы обесцветить напиток.', 'initial_data/bacardi_white.jpg', 'STRONG_ALCOHOL', 'Белый ром', 1);
insert into ingredient values (3, 'Карибский крепкий алкоголь получают методом вертикальной перегонки спирта, полученного путем брожения патоки или сока из сахарного тростника. Перед купажированием выдерживают от 2 до 7 лет в обожженных дубовых бочках из-под бурбона и не фильтруют для сохранения цвета.', 'initial_data/bacardi_black.jpg', 'STRONG_ALCOHOL', 'Тёмный ром', 1);
insert into ingredient values (4, 'Английский крепкий алкоголь изготавливается в вертикальных перегонных кубах, зерновой спирт настаивают в течение суток на можжевельнике и десятке других трав и специй, а затем дистиллируют порядка 7 часов и разливают в бутылки.', 'initial_data/sapphire_gin.jpg', 'STRONG_ALCOHOL', 'Лондонский сухой джин', 1);
insert into ingredient values (5, 'При производстве этого незаменимого ингредиента основное внимание уделяют чистоте воды и скорости заморозки. Чем медленнее замораживается вода, тем прозрачнее получается продукт. Идеальные образцы не имеют полостей и медленнее тают в бокале.', 'initial_data/ice-cubes.jpg', 'ICE', 'Лед в кубиках', 1);
insert into ingredient values (6, 'Сладкий газированный напиток производят на основе содовой с добавлением сахара и лимонного экстракта.', 'initial_data/sprite.jpg', 'NON_ALCH_DRINK', 'Спрайт', 1);
insert into ingredient values (7, 'Неоновый апельсиновый ликер производят методом мацерации высушенной апельсиновой цедры в нейтральном спирте с водой. Получившуюся основу фильтруют, смешивают с сахаром и окрашивают натуральными красителями.', 'initial_data/liquere_bols_blue.jpg', 'LIQUEUR', 'Ликер Блю Кюрасао', 1);
insert into ingredient values (8, 'Дижонский ягодный ликер производят методом мацерации ягод черной смородины в нейтральном спирте с водой сроком до двух месяцев. Первый сок без отжима фильтруют и смешивают с сахаром.', 'initial_data/liquere_bols_creme_de_cassis.jpg', 'LIQUEUR', 'Черносмородиновый ликер', 1);
insert into ingredient values (9, 'Культовый цитрусовый ликер тройной сухости производят методом мацерации цедры апельсинов курасао в нейтральном спирте с водой. Получившаяся основа перед розливом проходит тройную дистилляцию с сохранением высокой крепости.', 'initial_data/liquere_bols_triple_sec.jpg', 'LIQUEUR', 'Ликер трипл сек', 1);
insert into ingredient values (10, 'Азиатский тропический ликер производят методом мацерации дынной мякоти в нейтральном спирте с водой. Получившуюся основу фильтруют, доводят до нужной сладости и крепости и разливают в бутылки.', 'initial_data/liquere_bols_melon.jpg', 'LIQUEUR', 'Дынный ликер', 1);
insert into ingredient values (11, 'Для производства сока лимоны пускают под пресс, затем фильтруют и разливают сок по бутылкам.', 'initial_data/lemon_juice.jpg', 'JUICE', 'Лимонный сок', 1);
insert into ingredient values (12, 'Оранжевый цитрусовый фрукт, растущий на высоких деревьях преимущественно в Бразилии, США и Китае. Содержит витамин С, калий и кальций, оказывающие положительное влияние на работу сердца, сосудов и организма в целом. Один плод весит в среднем 300 г и дает 80 мл сока, разрезается на 10 кружков или 8 долек.', 'initial_data/orange.jpg', 'FRUIT', 'Апельсин', 1);
insert into ingredient values (13, 'Тропический цитрусовый фрукт, растущий на небольших вечнозеленых деревьях преимущественно в Китае, Индии и Мексике. Содержит витамин С и органические кислоты, незаменим при авитаминозах и простуде. Один плод весит 160 г и дает 60 мл сока, разрезается на 8 кружков или 4 крупные дольки по 15 мл каждая.', 'initial_data/lemon.jpg', 'FRUIT', 'Лимон', 1);
insert into ingredient values (14, 'Тропический цитрусовый фрукт, растущий на низкорослых деревьях преимущественно в Китае, Индии и Мексике. Содержит клетчатку, витамин С и кальций, хорошо раскрывает аромат и вкус других продуктов. Один плод весит в среднем 80 г и дает 30 мл сока, разрезается на 4 дольки по 7,5 мл каждая или 8 кружков.', 'initial_data/lime.jpg', 'FRUIT', 'Лайм', 1);
insert into ingredient values (15, 'Газированную воду, ставшую незаменимым компонентом физзов и других газированных напитков, ранее производили методом газирования углекислым газом, а сегодня все чаще готовят, добавляя пищевую соду к нейтральной чистой воде.', 'initial_data/soda.jpg', 'NON_ALCH_DRINK', 'Содовая', 1);
insert into ingredient values (16, 'Самый распространенный коктейльный сироп производят из натурального экстракта сахарного тростника, смешанного с водой.', 'initial_data/monin_can.jpg', 'SYRUP', 'Сахарный сироп', 1);

insert into coctail values (1, 'Коктейль на основе светлого рома и листьев мяты. Происходит с острова Куба, стал популярен в США в 1980-х. Коктейль входит в список «современной классики» международной ассоциации барменов (IBA) и классифицируется как лонг дринк', 'initial_data/mojito.png', 'Мохито', 1);
insert into coctail_ingredient (coctail_id, ingredient_id, volume, unit) values (1, 2, 50, 'мл');
insert into coctail_ingredient (coctail_id, ingredient_id, volume, unit) values (1, 16, 15, 'мл');
insert into coctail_ingredient (coctail_id, ingredient_id, volume, unit) values (1, 15, 100, 'мл');
insert into coctail_ingredient (coctail_id, ingredient_id, volume, unit) values (1, 14, 80, 'гр');
insert into coctail_ingredient (coctail_id, ingredient_id, volume, unit) values (1, 5, 200, 'гр');

insert into coctail values (2, 'Алкогольный коктейль кубинского происхождения, основными компонентами которого являются светлый ром, сок лайма и сахар. Классифицируется как аперитив. Входит в число официальных коктейлей Международной ассоциации барменов (IBA), категория «Незабываемые». Сходный по составу бразильский коктейль называется кайпиринья. Один из самых популярных в мире коктейлей.', 'initial_data/daikiri.jpg', 'Дайкири', 1);
insert into coctail_ingredient (coctail_id, ingredient_id, volume, unit) values (2, 2, 60, 'мл');
insert into coctail_ingredient (coctail_id, ingredient_id, volume, unit) values (2, 16, 15, 'мл');
insert into coctail_ingredient (coctail_id, ingredient_id, volume, unit) values (2, 11, 30, 'мл');
insert into coctail_ingredient (coctail_id, ingredient_id, volume, unit) values (2, 5, 30, 'гр');

insert into coctail values (3, 'Свою историю существования коктейль «Голубая лагуна» начал благодаря американскому бармену Энди МакЭлхону. Свое необычайно теплое название коктейль приобрел в честь едва ли не известной киноленты за всю историю кинематографа – «Голубая лагуна». Однако очень часто встречаются мнения о том, что название напитка не имеет ничего общего с фильмом, а напрямую связано со сказочно прекрасным местом в Исландии, собственно, название которого и носит коктейль. Многие знатоки и любители коктейлей считают, что «Голубая лагуна» имеет «родственную» связь с легендарным коктейлем «Кровавая Мери».', 'initial_data/blue_laguna.png', 'Голубая Лагуна', 1);
insert into coctail_ingredient (coctail_id, ingredient_id, volume, unit) values (3, 1, 50, 'мл');
insert into coctail_ingredient (coctail_id, ingredient_id, volume, unit) values (3, 7, 20, 'мл');
insert into coctail_ingredient (coctail_id, ingredient_id, volume, unit) values (3, 6, 150, 'мл');
insert into coctail_ingredient (coctail_id, ingredient_id, volume, unit) values (3, 5, 200, 'гр');